ID	최대B	원문	한국어	상태	메모
EXE_80018C8C	11	自由カメラ{br}	자유카메라{br}	작업중	
EXE_80018C98	11	アトラクト{br}	어트랙트{br}	작업중	
EXE_80018CA4	9	連射道場{br}	연사도장{br}	작업중	
EXE_80018CB0	11	対地ＭＡＰ{br}	대지ＭＡＰ{br}	작업중	
EXE_80018CBC	9	GAME実行{br}	GAME실행{br}	작업중	
EXE_80018CC8	13	BRIEFING実行{br}	BRIEFING실행{br}	작업중	
EXE_80018CD8	10	TITLE実行{br}	TITLE실행{br}	작업중	
EXE_80018CE4	9	FONT替え{br}	FONT교체{br}	작업중	
EXE_80018CF0	13	デバッグ内容{br}	디버그내용{br}	작업중	
EXE_80018D00	13	デバッグ開閉{br}	디버그개폐{br}	작업중	
EXE_800191C4	28	自機ラインナップ：エクストラ	기체　라인업：엑스트라	작업중	
EXE_800191E4	26	自機ラインナップ：ノーマル	기체　라인업：노멀	작업중	
EXE_80019200	14	難易度：難しい	난이도：어려움	작업중	
EXE_80019210	14	難易度：ふつう	난이도：보통	작업중	
EXE_80019220	16	難易度：やさしい	난이도：쉬움	작업중	
EXE_80019234	28	ミッションを選択してはじめる	미션을　선택해서　시작한다	작업중	
EXE_80019254	22	新規にゲームをはじめる	새로　게임을　시작한다	작업중	
EXE_8001926C	22	ゲームの続きをはじめる	게임을　이어서　한다	작업중	
EXE_80019284	18	ベストタイムの保存	베스트　타임　저장	작업중	
EXE_80019298	22	　―　アクセス中　―　	　―　액세스　중　―　	작업중	
EXE_800192B0	16	初期化しますか？	초기화합니까？	작업중	
EXE_800192C4	28	メモリーカードがありません。	메모리　카드가　없습니다．	작업중	
EXE_800192E4	28	ベストタイムを保存しますか？	베스트　타임을　저장합니까？	작업중	
EXE_80019304	32	クリアしたデータを保存しますか？	클리어　데이터를　저장합니까？	작업중	
EXE_800199AC	30	速やかに作戦を遂行せよ。以上。	신속히　작전을　수행하라．이상	작업중	
EXE_800199CC	30	もはや一刻の猶予も許されない。	이제　한시의　유예도　없다．	작업중	
EXE_800199EC	20	事態は緊迫しており、	사태가　긴박하여，	작업중	
EXE_80019A04	18	全面的に支援する。	전면　지원한다．	작업중	
EXE_80019A18	22	統合軍本部及び情報部が	통합군본부와　정보부가	작업중	
EXE_80019A30	30	クーデター軍に関する情報提供は	쿠데타군에　관한　정보　제공은	작업중	
EXE_80019A50	30	なお、諸君への戦力の供給並びに	아울러　제군의　전력　보급과	작업중	
EXE_80019A70	18	ついてもらいたい。	나서기　바란다．	작업중	
EXE_80019A84	28	直ちにクーデター軍鎮圧の任に	즉시　쿠데타군　진압　임무에	작업중	
EXE_80019AA4	18	の出撃を決定した。	출격을　결정했다．	작업중	
EXE_80019AB8	36	特殊戦術戦闘飛行隊「スカーフェイス」	특수전술전투비행대「스카페이스」의	작업중	
EXE_80019AE0	30	諸君ら傭兵部隊により編成される	제군　용병부대로　편성된	작업중	
EXE_80019B00	24	これに対し統合軍本部は、	이에　통합군　본부는，	작업중	
EXE_80019B1C	22	保有も確認されている。	보유도　확인되었다．	작업중	
EXE_80019B34	32	戦略兵器である大型巡航ミサイルの	전략병기인　대형　순항미사일의	작업중	
EXE_80019B58	36	その戦力は航空、海上兵力ともに多数。	그　전력은　항공，해상　모두　다수．	작업중	
EXE_80019B80	30	その勢力範囲を拡大しつつある。	그　세력권을　넓혀가고　있다．	작업중	
EXE_80019BA0	22	戦力強化を行ないながら	전력을　강화하면서	작업중	
EXE_80019BB8	22	各地の重要施設を制圧、	각지의　요충지를　제압	작업중	
EXE_80019BD0	34	クーデター軍は行政中枢を占拠の後、	쿠데타군은　행정중추를　점거한　후	작업중	
EXE_80019BF4	22	本国を離れた隙を突き、	본국을　비운　틈을　타	작업중	
EXE_80019C0C	22	首脳陣が外交交渉のため	수뇌부가　외교　협상차	작업중	
EXE_80019C24	26	軍事クーデターが発生した。	군사　쿠데타가　발생했다．	작업중	
EXE_80019C40	24	ＮＡ－Ｐ２７００において	ＮＡ－Ｐ２７００에서	작업중	
EXE_80019C5C	34	通信内容　：統合軍統括エリアコード	통신　내용：통합군　총괄구역　코드	작업중	
EXE_80019C80	24	作戦コード：ＴＣ２０１２	작전　코드：ＴＣ２０１２	작업중	
EXE_80019C9C	20	通信モード：レベルＳ	통신　모드：레벨Ｓ	작업중	
EXE_80019E8C	24	記録　　　：統合軍情報部	기록　　　：통합군정보부	작업중	
EXE_80019EA8	24	その戦力の半数を失った。	전력의　절반을　잃었다．	작업중	
EXE_80019EC4	30	都市周辺に侵攻していた我が軍も	도시　주변에　진격했던　아군도	작업중	
EXE_80019EE4	26	多大な被害を出すとともに、	막대한　피해를　입었고，	작업중	
EXE_80019F00	14	都市部は壊滅、	도시는　괴멸，	작업중	
EXE_80019F10	28	大型巡航ミサイルの直撃により	대형순항미사일의　직격으로	작업중	
EXE_80019F30	30	しかし、敵潜水艦から発射された	그러나　적　잠수함에서　발사된	작업중	
EXE_80019F50	34	クーデター軍の鎮圧作戦は成功した。	쿠데타군　진압작전은　성공했다．	작업중	
EXE_80019F74	30	通信内容　：敵司令部攻撃により	통신　내용：적사령부　공격으로	작업중	
EXE_80019F94	26	作戦コード：ＴＣ２０１２Ｆ	작전　코드：ＴＣ２０１２Ｆ	작업중	
EXE_8001A094	10	ヨーシフト	요　시프트	작업중	
EXE_8001A0A0	12	視点切り替え	시점　전환	작업중	
EXE_8001A0B0	14	対地マップ表示	대지맵　표시	작업중	
EXE_8001A0C0	8	ミサイル	미사일	작업중	
EXE_8001A0CC	10	マシンガン	기관총	작업중	
EXE_8001A0D8	32	ロックオン目標切り替え（逆送り）	록온　목표　전환（역방향）	작업중	
EXE_8001A0FC	32	ロックオン目標切り替え（順送り）	록온　목표　전환（순방향）	작업중	
EXE_8001A120	22	好みのボタン設定にする	원하는　버튼　설정으로	작업중	
EXE_8001A138	26	コントローラの振動機能オフ	컨트롤러　진동　기능　끔	작업중	
EXE_8001A154	26	コントローラの振動機能オン	컨트롤러　진동　기능　켬	작업중	
EXE_8001A170	24	アナログ入力の反応：遅い	아날로그　반응：느림	작업중	
EXE_8001A18C	24	アナログ入力の反応：標準	아날로그　반응：표준	작업중	
EXE_8001A1A8	24	アナログ入力の反応：速い	아날로그　반응：빠름	작업중	
EXE_8001A1C4	36	シフトキー＋ロールでヨーになります。	시프트키＋롤로　요가　됩니다．	작업중	
EXE_8001A1EC	30	その他のアナログコントローラ用	기타　아날로그　컨트롤러용	작업중	
EXE_8001A20C	36	上昇下降の操作と左右スティックを反転	상승하강　조작과　좌우　스틱을　반전	작업중	
EXE_8001A234	20	左右スティックを反転	좌우　스틱을　반전	작업중	
EXE_8001A24C	36	上昇下降操作を反転、方向キーでロール	상승하강　반전，방향키로　롤	작업중	
EXE_8001A274	16	方向キーでロール	방향키로　롤	작업중	
EXE_8001A288	20	上昇下降の操作を反転	상승하강　조작　반전	작업중	
EXE_8001A2A0	8	標準操作	표준조작	작업중	
EXE_8001A2AC	26	飛行機の操縦に基づいた操作	실제　비행기식　조작	작업중	
EXE_8001A2C8	16	初心者向けの操作	초보자용　조작	작업중	
EXE_8001A2DC	30	まっすぐにしてスタートボタン！	똑바로　두고　스타트　버튼！	작업중	
EXE_8001A2FC	32	左側を奥にねじってスタートボタン	왼쪽을　안으로　비틀고　스타트	작업중	
EXE_8001A320	32	右側を奥にねじってスタートボタン	오른쪽을　안으로　비틀고　스타트	작업중	
EXE_8001A344	20	スティックを右に倒せ	스틱을　오른쪽으로	작업중	
EXE_8001A35C	20	スティックを左に倒せ	스틱을　왼쪽으로	작업중	
EXE_8001A374	20	スティックを下に倒せ	스틱을　아래로	작업중	
EXE_8001A38C	20	スティックを上に倒せ	스틱을　위로	작업중	
EXE_8001A3A4	28	手をはなしてスタートボタン！	손을　떼고　스타트　버튼！	작업중	
EXE_8001A3C4	34	センターに合わせてスタートボタン！	중앙에　맞추고　스타트　버튼！	작업중	
EXE_8001A55C	30	ＢＧＭ、ナレーションの音量設定	ＢＧＭ，내레이션　음량　설정	작업중	
EXE_8001A57C	20	効果音、声の音量設定	효과음，음성　음량　설정	작업중	
EXE_8001A594	32	サウンド設定：ステレオ／モノラル	사운드　설정：스테레오／모노	작업중	
EXE_8001A5B8	30	ターゲットビューのリセット設定	타깃　뷰　리셋　설정	작업중	
EXE_8001A5D8	36	レーダー手のアドバイス：ＯＮ／ＯＦＦ	레이더　요원　조언：ＯＮ／ＯＦＦ	작업중	
EXE_8001A600	32	ＨＵＤの方位設定：東西南北／度数	ＨＵＤ　방위：동서남북／각도	작업중	
EXE_8001A624	36	ＨＵＤの単位設定：メートル／フィート	ＨＵＤ　단위：미터／피트	작업중	
EXE_8001A64C	28	ゲーム中の字幕：ＯＮ／ＯＦＦ	게임중　자막：ＯＮ／ＯＦＦ	작업중	
EXE_8001A740	20	ＡＣＥＣＯＭＢＡＴ２		미번역	
EXE_8001A770	22	データが壊れています。	데이터가　손상됐습니다．	작업중	
EXE_8001A788	38	メモリーカードにファイルがありません。	메모리　카드에　파일이　없습니다．	작업중	
EXE_8001A7B0	26	空きブロックが足りません。	빈　블록이　부족합니다．	작업중	
EXE_8001A7CC	28	メモリーカードのエラーです。	메모리　카드　오류입니다．	작업중	
EXE_8001A7EC	38	メモリーカードが初期化されていません。	메모리카드가　초기화되지　않았습니다．	작업중	
EXE_8001A814	28	メモリーカードがありません。	메모리　카드가　없습니다．	작업중	
EXE_8001AB84	18	タイトル画面に戻る	타이틀로　돌아가기	작업중	
EXE_8001AB98	32	メモリーカードにデータを保存する	메모리　카드에　데이터　저장	작업중	
EXE_8001ABBC	22	パーソナルデータを見る	퍼스널　데이터　보기	작업중	
EXE_8001ABD4	24	キャンペーンデータを見る	캠페인　데이터　보기	작업중	
EXE_8001ABF0	14	機体を売却する	기체　매각	작업중	
EXE_8001AC00	14	機体を購入する	기체　구입	작업중	
EXE_8001AC80	14	初期化中です。	초기화중입니다．	작업중	
EXE_8001AC90	32	メモリーカードを初期化しますか？	메모리　카드를　초기화합니까？	작업중	
EXE_8001ACB4	32	メモリーカードに上書きしますか？	메모리　카드에　덮어씁니까？	작업중	
EXE_8001ACD8	34	セーブするデータを選んでください。	세이브할　데이터를　고르십시오．	작업중	
EXE_8001ACFC	34	ロードするデータを選んでください。	로드할　데이터를　고르십시오．	작업중	
EXE_8001AD20	28	このままゲームを続けますか？	이대로　게임을　계속합니까？	작업중	
EXE_8001AD40	32	メモリーカードにアクセス中です。	메모리　카드에　액세스　중입니다．	작업중	
EXE_8001AD64	24	データをロードしますか？	데이터를　로드합니까？	작업중	
EXE_8001AD80	30	メモリーカードにセーブ中です。	메모리　카드에　세이브　중．	작업중	
EXE_8001ADA0	32	メモリーカードにセーブしますか？	메모리　카드에　세이브합니까？	작업중	
EXE_8001ADC4	20	データがありません。	데이터가　없습니다．	작업중	
EXE_8001ADDC	10	　をクリア	　클리어	작업중	
EXE_8001B068	28	全てにおいて優れた機体です。	모든　면에서　우수한　기체．	작업중	
EXE_8001B088	32	攻撃力／機動性に優れた機体です。	공격력／기동성이　우수한　기체．	작업중	
EXE_8001B0AC	36	耐久力／対空攻撃力に優れた機体です。	내구력／대공공격력이　우수한　기체．	작업중	
EXE_8001B0D4	38	安定性に優れたバランスのよい機体です。	안정성이　우수하고　균형　잡힌　기체．	작업중	
EXE_8001B0FC	24	安定性に優れた機体です。	안정성이　우수한　기체．	작업중	
EXE_8001B118	24	バランスのよい機体です。	균형　잡힌　기체．	작업중	
EXE_8001B134	28	ステルス性能を持つ機体です。	스텔스　성능을　가진　기체．	작업중	
EXE_8001B154	28	対空攻撃力に優れた機体です。	대공공격력이　우수한　기체．	작업중	
EXE_8001B174	36	耐久力／対地攻撃力に優れた機体です。	내구력／대지공격력이　우수한　기체．	작업중	
EXE_8001B19C	24	機動性に優れた機体です。	기동성이　우수한　기체．	작업중	
EXE_8001B1B8	38	機動性に優れたバランスのよい機体です。	기동성이　우수하고　균형　잡힌　기체．	작업중	
EXE_8001B1E0	28	対地攻撃力に優れた機体です。	대지공격력이　우수한　기체．	작업중	
EXE_8001B200	34	バランスのよい扱いやすい機体です。	균형　잡히고　다루기　쉬운　기체．	작업중	
EXE_8001B224	34	安定性に優れた扱いやすい機体です。	안정적이고　다루기　쉬운　기체．	작업중	
EXE_8001B7A8	12	司令要塞攻撃	사령요새공격	작업중	
EXE_8001B7B8	14	大型潜水艦追撃	대형잠수함추격	작업중	
EXE_8001B7C8	12	敵司令部攻撃	적사령부공격	작업중	
EXE_8001B7D8	14	敵制圧都市攻撃	적점령도시공격	작업중	
EXE_8001B7E8	18	最終防衛ライン突破	최종방어선돌파	작업중	
EXE_8001B7FC	20	沿岸レーダー施設破壊	연안레이더시설파괴	작업중	
EXE_8001B814	14	墜落機救出作戦	추락기구출작전	작업중	
EXE_8001B824	12	集結艦隊攻撃	집결함대공격	작업중	
EXE_8001B834	20	地熱プラント基地突入	지열플랜트기지돌입	작업중	
EXE_8001B84C	14	低高度奇襲作戦	저고도기습작전	작업중	
EXE_8001B85C	14	輸送機部隊追撃	수송기부대추격	작업중	
EXE_8001B86C	16	海峡突破作戦護衛	해협돌파작전호위	작업중	
EXE_8001B880	16	素粒子研究所攻撃	소립자연구소공격	작업중	
EXE_8001B894	22	ミサイルサイロ基地破壊	미사일사일로기지파괴	작업중	
EXE_8001B8AC	14	水力発電所奪取	수력발전소탈취	작업중	
EXE_8001B8BC	14	潜水艦基地突入	잠수함기지돌입	작업중	
EXE_8001B8CC	12	機動艦隊襲撃	기동함대습격	작업중	
EXE_8001B8DC	14	試作爆撃機破壊	시제폭격기파괴	작업중	
EXE_8001B8EC	16	兵器生産基地奪取	병기생산기지탈취	작업중	
EXE_8001B900	12	補給作戦阻止	보급작전저지	작업중	
EXE_8001B910	12	高高度追撃戦	고고도추격전	작업중	
EXE_8001B920	12	爆撃作戦護衛	폭격작전호위	작업중	
EXE_8001B930	14	資源採掘場攻撃	자원채굴장공격	작업중	
EXE_8001B940	10	夜間追撃戦	야간추격전	작업중	
EXE_8001B94C	12	峡谷基地突破	협곡기지돌파	작업중	
EXE_8001B95C	12	海上油田破壊	해상유전파괴	작업중	
EXE_8001B96C	12	前線基地攻撃	전선기지공격	작업중	
EXE_8001B97C	10	補給港奇襲	보급항기습	작업중	
EXE_8001B988	12	偵察部隊追撃	정찰부대추격	작업중	
EXE_8001B998	12	侵攻部隊迎撃	침공부대요격	작업중	
EXE_8001BDFC	22	直ちに作戦に復帰せよ。	즉시　작전에　복귀하라	작업중	
EXE_8001BE14	26	一層の健闘を期待している。	더욱　분발하기　바란다．	작업중	
EXE_8001BE30	22	統合軍本部が用意した。	통합군이　보충했다．	작업중	
EXE_8001BE48	26	今回の作戦で失われた機体は	이번　작전의　손실　기체는	작업중	
EXE_800B8ED8	7	閉じる{br}	닫기{br}	작업중	
EXE_800B9074	6	未使用	미사용	작업중	
EXE_800B907C	4	ヨー	요	작업중	
EXE_800B9084	6	ロール	롤	작업중	
EXE_800B908C	4	減速	감속	작업중	
EXE_800B9094	4	加速	가속	작업중	
EXE_800B91B0	4	戻る	뒤로	작업중	
